Type,Name,Request Count,Failure Count,Median Response Time,Average Response Time,Min Response Time,Max Response Time,Average Content Size,Requests/s,Failures/s,50%,66%,75%,80%,90%,95%,98%,99%,99.9%,99.99%,100%
GET,/,2955,2955,4,4.402036151729363,1.1234579869778827,92.53662500123028,0.0,9.879488323649593,9.879488323649593,4,4,5,5,6,7,12,20,89,93,93
,Aggregated,2955,2955,4,4.402036151729363,1.1234579869778827,92.53662500123028,0.0,9.879488323649593,9.879488323649593,4,4,5,5,6,7,12,20,89,93,93
